entity,entity_name,level,period,indicator,value,unit,source_id,series_id,quality,footnotes
WLD,Verden,world,-6050,charcoal_index,0.3362,zscore,K10,gcd_charcoal_composite,reconstructed,f_proxy
WLD,Verden,world,-6030,charcoal_index,0.3362,zscore,K10,gcd_charcoal_composite,reconstructed,f_proxy
WLD,Verden,world,-6010,charcoal_index,0.3362,zscore,K10,gcd_charcoal_composite,reconstructed,f_proxy
WLD,Verden,world,-5990,charcoal_index,0.3362,zscore,K10,gcd_charcoal_composite,reconstructed,f_proxy
WLD,Verden,world,-5970,charcoal_index,0.3362,zscore,K10,gcd_charcoal_composite,reconstructed,f_proxy
WLD,Verden,world,-5950,charcoal_index,0.3362,zscore,K10,gcd_charcoal_composite,reconstructed,f_proxy
WLD,Verden,world,-5930,charcoal_index,0.3362,zscore,K10,gcd_charcoal_composite,reconstructed,f_proxy
WLD,Verden,world,-5910,charcoal_index,0.3362,zscore,K10,gcd_charcoal_composite,reconstructed,f_proxy
WLD,Verden,world,-5890,charcoal_index,0.3362,zscore,K10,gcd_charcoal_composite,reconstructed,f_proxy
WLD,Verden,world,-5870,charcoal_index,0.3362,zscore,K10,gcd_charcoal_composite,reconstructed,f_proxy
WLD,Verden,world,-5850,charcoal_index,0.3362,zscore,K10,gcd_charcoal_composite,reconstructed,f_proxy
WLD,Verden,world,-5830,charcoal_index,0.3362,zscore,K10,gcd_charcoal_composite,reconstructed,f_proxy
WLD,Verden,world,-5810,charcoal_index,0.3362,zscore,K10,gcd_charcoal_composite,reconstructed,f_proxy
WLD,Verden,world,-5790,charcoal_index,0.3362,zscore,K10,gcd_charcoal_composite,reconstructed,f_proxy
WLD,Verden,world,-5770,charcoal_index,0.3362,zscore,K10,gcd_charcoal_composite,reconstructed,f_proxy
WLD,Verden,world,-5750,charcoal_index,0.3362,zscore,K10,gcd_charcoal_composite,reconstructed,f_proxy
WLD,Verden,world,-5730,charcoal_index,0.3362,zscore,K10,gcd_charcoal_composite,reconstructed,f_proxy
WLD,Verden,world,-5710,charcoal_index,0.3362,zscore,K10,gcd_charcoal_composite,reconstructed,f_proxy
WLD,Verden,world,-5690,charcoal_index,0.3362,zscore,K10,gcd_charcoal_composite,reconstructed,f_proxy
WLD,Verden,world,-5670,charcoal_index,0.3362,zscore,K10,gcd_charcoal_composite,reconstructed,f_proxy
WLD,Verden,world,-5650,charcoal_index,0.3362,zscore,K10,gcd_charcoal_composite,reconstructed,f_proxy
WLD,Verden,world,-5630,charcoal_index,0.3362,zscore,K10,gcd_charcoal_composite,reconstructed,f_proxy
WLD,Verden,world,-5610,charcoal_index,0.3362,zscore,K10,gcd_charcoal_composite,reconstructed,f_proxy
WLD,Verden,world,-5590,charcoal_index,0.3362,zscore,K10,gcd_charcoal_composite,reconstructed,f_proxy
WLD,Verden,world,-5570,charcoal_index,0.3362,zscore,K10,gcd_charcoal_composite,reconstructed,f_proxy
WLD,Verden,world,-5550,charcoal_index,0.3362,zscore,K10,gcd_charcoal_composite,reconstructed,f_proxy
WLD,Verden,world,-5530,charcoal_index,0.3362,zscore,K10,gcd_charcoal_composite,reconstructed,f_proxy
WLD,Verden,world,-5510,charcoal_index,0.3362,zscore,K10,gcd_charcoal_composite,reconstructed,f_proxy
WLD,Verden,world,-5490,charcoal_index,0.3362,zscore,K10,gcd_charcoal_composite,reconstructed,f_proxy
WLD,Verden,world,-5470,charcoal_index,0.3362,zscore,K10,gcd_charcoal_composite,reconstructed,f_proxy
WLD,Verden,world,-5450,charcoal_index,0.3362,zscore,K10,gcd_charcoal_composite,reconstructed,f_proxy
WLD,Verden,world,-5430,charcoal_index,0.3362,zscore,K10,gcd_charcoal_composite,reconstructed,f_proxy
WLD,Verden,world,-5410,charcoal_index,0.3362,zscore,K10,gcd_charcoal_composite,reconstructed,f_proxy
WLD,Verden,world,-5390,charcoal_index,0.3362,zscore,K10,gcd_charcoal_composite,reconstructed,f_proxy
WLD,Verden,world,-5370,charcoal_index,0.3362,zscore,K10,gcd_charcoal_composite,reconstructed,f_proxy
WLD,Verden,world,-5350,charcoal_index,0.3362,zscore,K10,gcd_charcoal_composite,reconstructed,f_proxy
WLD,Verden,world,-5330,charcoal_index,0.3362,zscore,K10,gcd_charcoal_composite,reconstructed,f_proxy
WLD,Verden,world,-5310,charcoal_index,0.3362,zscore,K10,gcd_charcoal_composite,reconstructed,f_proxy
WLD,Verden,world,-5290,charcoal_index,0.3362,zscore,K10,gcd_charcoal_composite,reconstructed,f_proxy
WLD,Verden,world,-5270,charcoal_index,0.3362,zscore,K10,gcd_charcoal_composite,reconstructed,f_proxy
WLD,Verden,world,-5250,charcoal_index,0.3362,zscore,K10,gcd_charcoal_composite,reconstructed,f_proxy
WLD,Verden,world,-5230,charcoal_index,0.3362,zscore,K10,gcd_charcoal_composite,reconstructed,f_proxy
WLD,Verden,world,-5210,charcoal_index,0.3362,zscore,K10,gcd_charcoal_composite,reconstructed,f_proxy
WLD,Verden,world,-5190,charcoal_index,0.3362,zscore,K10,gcd_charcoal_composite,reconstructed,f_proxy
WLD,Verden,world,-5170,charcoal_index,0.3362,zscore,K10,gcd_charcoal_composite,reconstructed,f_proxy
WLD,Verden,world,-5150,charcoal_index,0.3362,zscore,K10,gcd_charcoal_composite,reconstructed,f_proxy
WLD,Verden,world,-5130,charcoal_index,0.3362,zscore,K10,gcd_charcoal_composite,reconstructed,f_proxy
WLD,Verden,world,-5110,charcoal_index,0.3362,zscore,K10,gcd_charcoal_composite,reconstructed,f_proxy
WLD,Verden,world,-5090,charcoal_index,0.3362,zscore,K10,gcd_charcoal_composite,reconstructed,f_proxy
WLD,Verden,world,-5070,charcoal_index,0.3362,zscore,K10,gcd_charcoal_composite,reconstructed,f_proxy
WLD,Verden,world,-5050,charcoal_index,0.3362,zscore,K10,gcd_charcoal_composite,reconstructed,f_proxy
WLD,Verden,world,-5030,charcoal_index,0.3362,zscore,K10,gcd_charcoal_composite,reconstructed,f_proxy
WLD,Verden,world,-5010,charcoal_index,0.3362,zscore,K10,gcd_charcoal_composite,reconstructed,f_proxy
WLD,Verden,world,-4990,charcoal_index,0.3362,zscore,K10,gcd_charcoal_composite,reconstructed,f_proxy
WLD,Verden,world,-4970,charcoal_index,0.3362,zscore,K10,gcd_charcoal_composite,reconstructed,f_proxy
WLD,Verden,world,-4950,charcoal_index,0.3362,zscore,K10,gcd_charcoal_composite,reconstructed,f_proxy
WLD,Verden,world,-4930,charcoal_index,0.3362,zscore,K10,gcd_charcoal_composite,reconstructed,f_proxy
WLD,Verden,world,-4910,charcoal_index,0.3362,zscore,K10,gcd_charcoal_composite,reconstructed,f_proxy
WLD,Verden,world,-4890,charcoal_index,0.3362,zscore,K10,gcd_charcoal_composite,reconstructed,f_proxy
WLD,Verden,world,-4870,charcoal_index,0.3362,zscore,K10,gcd_charcoal_composite,reconstructed,f_proxy
WLD,Verden,world,-4850,charcoal_index,0.3362,zscore,K10,gcd_charcoal_composite,reconstructed,f_proxy
WLD,Verden,world,-4830,charcoal_index,0.3362,zscore,K10,gcd_charcoal_composite,reconstructed,f_proxy
WLD,Verden,world,-4810,charcoal_index,0.3362,zscore,K10,gcd_charcoal_composite,reconstructed,f_proxy
WLD,Verden,world,-4790,charcoal_index,0.3362,zscore,K10,gcd_charcoal_composite,reconstructed,f_proxy
WLD,Verden,world,-4770,charcoal_index,0.3362,zscore,K10,gcd_charcoal_composite,reconstructed,f_proxy
WLD,Verden,world,-4750,charcoal_index,0.3362,zscore,K10,gcd_charcoal_composite,reconstructed,f_proxy
WLD,Verden,world,-4730,charcoal_index,0.3362,zscore,K10,gcd_charcoal_composite,reconstructed,f_proxy
WLD,Verden,world,-4710,charcoal_index,0.3362,zscore,K10,gcd_charcoal_composite,reconstructed,f_proxy
WLD,Verden,world,-4690,charcoal_index,0.3362,zscore,K10,gcd_charcoal_composite,reconstructed,f_proxy
WLD,Verden,world,-4670,charcoal_index,0.3362,zscore,K10,gcd_charcoal_composite,reconstructed,f_proxy
WLD,Verden,world,-4650,charcoal_index,0.3362,zscore,K10,gcd_charcoal_composite,reconstructed,f_proxy
WLD,Verden,world,-4630,charcoal_index,0.3362,zscore,K10,gcd_charcoal_composite,reconstructed,f_proxy
WLD,Verden,world,-4610,charcoal_index,0.3362,zscore,K10,gcd_charcoal_composite,reconstructed,f_proxy
WLD,Verden,world,-4590,charcoal_index,0.3362,zscore,K10,gcd_charcoal_composite,reconstructed,f_proxy
WLD,Verden,world,-4570,charcoal_index,0.3362,zscore,K10,gcd_charcoal_composite,reconstructed,f_proxy
WLD,Verden,world,-4550,charcoal_index,0.3362,zscore,K10,gcd_charcoal_composite,reconstructed,f_proxy
WLD,Verden,world,-4530,charcoal_index,0.3362,zscore,K10,gcd_charcoal_composite,reconstructed,f_proxy
WLD,Verden,world,-4510,charcoal_index,0.3362,zscore,K10,gcd_charcoal_composite,reconstructed,f_proxy
WLD,Verden,world,-4490,charcoal_index,0.3362,zscore,K10,gcd_charcoal_composite,reconstructed,f_proxy
WLD,Verden,world,-4470,charcoal_index,0.3362,zscore,K10,gcd_charcoal_composite,reconstructed,f_proxy
WLD,Verden,world,-4450,charcoal_index,0.3362,zscore,K10,gcd_charcoal_composite,reconstructed,f_proxy
WLD,Verden,world,-4430,charcoal_index,0.3362,zscore,K10,gcd_charcoal_composite,reconstructed,f_proxy
WLD,Verden,world,-4410,charcoal_index,0.3362,zscore,K10,gcd_charcoal_composite,reconstructed,f_proxy
WLD,Verden,world,-4390,charcoal_index,0.3362,zscore,K10,gcd_charcoal_composite,reconstructed,f_proxy
WLD,Verden,world,-4370,charcoal_index,0.3362,zscore,K10,gcd_charcoal_composite,reconstructed,f_proxy
WLD,Verden,world,-4350,charcoal_index,0.3362,zscore,K10,gcd_charcoal_composite,reconstructed,f_proxy
WLD,Verden,world,-4330,charcoal_index,0.3362,zscore,K10,gcd_charcoal_composite,reconstructed,f_proxy
WLD,Verden,world,-4310,charcoal_index,0.3362,zscore,K10,gcd_charcoal_composite,reconstructed,f_proxy
WLD,Verden,world,-4290,charcoal_index,0.3362,zscore,K10,gcd_charcoal_composite,reconstructed,f_proxy
WLD,Verden,world,-4270,charcoal_index,0.3362,zscore,K10,gcd_charcoal_composite,reconstructed,f_proxy
WLD,Verden,world,-4250,charcoal_index,0.3362,zscore,K10,gcd_charcoal_composite,reconstructed,f_proxy
WLD,Verden,world,-4230,charcoal_index,0.3362,zscore,K10,gcd_charcoal_composite,reconstructed,f_proxy
WLD,Verden,world,-4210,charcoal_index,0.3362,zscore,K10,gcd_charcoal_composite,reconstructed,f_proxy
WLD,Verden,world,-4190,charcoal_index,0.3362,zscore,K10,gcd_charcoal_composite,reconstructed,f_proxy
WLD,Verden,world,-4170,charcoal_index,0.3362,zscore,K10,gcd_charcoal_composite,reconstructed,f_proxy
WLD,Verden,world,-4150,charcoal_index,0.3362,zscore,K10,gcd_charcoal_composite,reconstructed,f_proxy
WLD,Verden,world,-4130,charcoal_index,0.3362,zscore,K10,gcd_charcoal_composite,reconstructed,f_proxy
WLD,Verden,world,-4110,charcoal_index,0.3362,zscore,K10,gcd_charcoal_composite,reconstructed,f_proxy
WLD,Verden,world,-4090,charcoal_index,0.3362,zscore,K10,gcd_charcoal_composite,reconstructed,f_proxy
WLD,Verden,world,-4070,charcoal_index,0.3362,zscore,K10,gcd_charcoal_composite,reconstructed,f_proxy
WLD,Verden,world,-4050,charcoal_index,0.3362,zscore,K10,gcd_charcoal_composite,reconstructed,f_proxy
WLD,Verden,world,-4030,charcoal_index,0.3362,zscore,K10,gcd_charcoal_composite,reconstructed,f_proxy
WLD,Verden,world,-4010,charcoal_index,0.3362,zscore,K10,gcd_charcoal_composite,reconstructed,f_proxy
WLD,Verden,world,-3990,charcoal_index,0.3362,zscore,K10,gcd_charcoal_composite,reconstructed,f_proxy
WLD,Verden,world,-3970,charcoal_index,0.3362,zscore,K10,gcd_charcoal_composite,reconstructed,f_proxy
WLD,Verden,world,-3950,charcoal_index,0.3362,zscore,K10,gcd_charcoal_composite,reconstructed,f_proxy
WLD,Verden,world,-3930,charcoal_index,0.3362,zscore,K10,gcd_charcoal_composite,reconstructed,f_proxy
WLD,Verden,world,-3910,charcoal_index,0.3362,zscore,K10,gcd_charcoal_composite,reconstructed,f_proxy
WLD,Verden,world,-3890,charcoal_index,0.3362,zscore,K10,gcd_charcoal_composite,reconstructed,f_proxy
WLD,Verden,world,-3870,charcoal_index,0.3362,zscore,K10,gcd_charcoal_composite,reconstructed,f_proxy
WLD,Verden,world,-3850,charcoal_index,0.3362,zscore,K10,gcd_charcoal_composite,reconstructed,f_proxy
WLD,Verden,world,-3830,charcoal_index,0.3362,zscore,K10,gcd_charcoal_composite,reconstructed,f_proxy
WLD,Verden,world,-3810,charcoal_index,0.3362,zscore,K10,gcd_charcoal_composite,reconstructed,f_proxy
WLD,Verden,world,-3790,charcoal_index,0.3362,zscore,K10,gcd_charcoal_composite,reconstructed,f_proxy
WLD,Verden,world,-3770,charcoal_index,0.3362,zscore,K10,gcd_charcoal_composite,reconstructed,f_proxy
WLD,Verden,world,-3750,charcoal_index,0.3362,zscore,K10,gcd_charcoal_composite,reconstructed,f_proxy
WLD,Verden,world,-3730,charcoal_index,0.3362,zscore,K10,gcd_charcoal_composite,reconstructed,f_proxy
WLD,Verden,world,-3710,charcoal_index,0.3362,zscore,K10,gcd_charcoal_composite,reconstructed,f_proxy
WLD,Verden,world,-3690,charcoal_index,0.3362,zscore,K10,gcd_charcoal_composite,reconstructed,f_proxy
WLD,Verden,world,-3670,charcoal_index,0.3362,zscore,K10,gcd_charcoal_composite,reconstructed,f_proxy
WLD,Verden,world,-3650,charcoal_index,0.3362,zscore,K10,gcd_charcoal_composite,reconstructed,f_proxy
WLD,Verden,world,-3630,charcoal_index,0.3362,zscore,K10,gcd_charcoal_composite,reconstructed,f_proxy
WLD,Verden,world,-3610,charcoal_index,0.3362,zscore,K10,gcd_charcoal_composite,reconstructed,f_proxy
WLD,Verden,world,-3590,charcoal_index,0.3362,zscore,K10,gcd_charcoal_composite,reconstructed,f_proxy
WLD,Verden,world,-3570,charcoal_index,0.3362,zscore,K10,gcd_charcoal_composite,reconstructed,f_proxy
WLD,Verden,world,-3550,charcoal_index,0.3362,zscore,K10,gcd_charcoal_composite,reconstructed,f_proxy
WLD,Verden,world,-3530,charcoal_index,0.3362,zscore,K10,gcd_charcoal_composite,reconstructed,f_proxy
WLD,Verden,world,-3510,charcoal_index,0.3362,zscore,K10,gcd_charcoal_composite,reconstructed,f_proxy
WLD,Verden,world,-3490,charcoal_index,0.3362,zscore,K10,gcd_charcoal_composite,reconstructed,f_proxy
WLD,Verden,world,-3470,charcoal_index,0.3362,zscore,K10,gcd_charcoal_composite,reconstructed,f_proxy
WLD,Verden,world,-3450,charcoal_index,0.3362,zscore,K10,gcd_charcoal_composite,reconstructed,f_proxy
WLD,Verden,world,-3430,charcoal_index,0.3362,zscore,K10,gcd_charcoal_composite,reconstructed,f_proxy
WLD,Verden,world,-3410,charcoal_index,0.3362,zscore,K10,gcd_charcoal_composite,reconstructed,f_proxy
WLD,Verden,world,-3390,charcoal_index,0.3362,zscore,K10,gcd_charcoal_composite,reconstructed,f_proxy
WLD,Verden,world,-3370,charcoal_index,0.3362,zscore,K10,gcd_charcoal_composite,reconstructed,f_proxy
WLD,Verden,world,-3350,charcoal_index,0.3362,zscore,K10,gcd_charcoal_composite,reconstructed,f_proxy
WLD,Verden,world,-3330,charcoal_index,0.3362,zscore,K10,gcd_charcoal_composite,reconstructed,f_proxy
WLD,Verden,world,-3310,charcoal_index,0.3362,zscore,K10,gcd_charcoal_composite,reconstructed,f_proxy
WLD,Verden,world,-3290,charcoal_index,0.3362,zscore,K10,gcd_charcoal_composite,reconstructed,f_proxy
WLD,Verden,world,-3270,charcoal_index,0.3362,zscore,K10,gcd_charcoal_composite,reconstructed,f_proxy
WLD,Verden,world,-3250,charcoal_index,0.3362,zscore,K10,gcd_charcoal_composite,reconstructed,f_proxy
WLD,Verden,world,-3230,charcoal_index,0.3362,zscore,K10,gcd_charcoal_composite,reconstructed,f_proxy
WLD,Verden,world,-3210,charcoal_index,0.3362,zscore,K10,gcd_charcoal_composite,reconstructed,f_proxy
WLD,Verden,world,-3190,charcoal_index,0.3362,zscore,K10,gcd_charcoal_composite,reconstructed,f_proxy
WLD,Verden,world,-3170,charcoal_index,0.3362,zscore,K10,gcd_charcoal_composite,reconstructed,f_proxy
WLD,Verden,world,-3150,charcoal_index,0.3362,zscore,K10,gcd_charcoal_composite,reconstructed,f_proxy
WLD,Verden,world,-3130,charcoal_index,0.3362,zscore,K10,gcd_charcoal_composite,reconstructed,f_proxy
WLD,Verden,world,-3110,charcoal_index,0.3362,zscore,K10,gcd_charcoal_composite,reconstructed,f_proxy
WLD,Verden,world,-3090,charcoal_index,0.3362,zscore,K10,gcd_charcoal_composite,reconstructed,f_proxy
WLD,Verden,world,-3070,charcoal_index,0.3362,zscore,K10,gcd_charcoal_composite,reconstructed,f_proxy
WLD,Verden,world,-3050,charcoal_index,0.3362,zscore,K10,gcd_charcoal_composite,reconstructed,f_proxy
WLD,Verden,world,-3030,charcoal_index,0.3362,zscore,K10,gcd_charcoal_composite,reconstructed,f_proxy
WLD,Verden,world,-3010,charcoal_index,0.3362,zscore,K10,gcd_charcoal_composite,reconstructed,f_proxy
WLD,Verden,world,-2990,charcoal_index,0.3362,zscore,K10,gcd_charcoal_composite,reconstructed,f_proxy
WLD,Verden,world,-2970,charcoal_index,0.3362,zscore,K10,gcd_charcoal_composite,reconstructed,f_proxy
WLD,Verden,world,-2950,charcoal_index,0.3362,zscore,K10,gcd_charcoal_composite,reconstructed,f_proxy
WLD,Verden,world,-2930,charcoal_index,0.3362,zscore,K10,gcd_charcoal_composite,reconstructed,f_proxy
WLD,Verden,world,-2910,charcoal_index,0.3362,zscore,K10,gcd_charcoal_composite,reconstructed,f_proxy
WLD,Verden,world,-2890,charcoal_index,0.3362,zscore,K10,gcd_charcoal_composite,reconstructed,f_proxy
WLD,Verden,world,-2870,charcoal_index,0.3362,zscore,K10,gcd_charcoal_composite,reconstructed,f_proxy
WLD,Verden,world,-2850,charcoal_index,0.3362,zscore,K10,gcd_charcoal_composite,reconstructed,f_proxy
WLD,Verden,world,-2830,charcoal_index,0.3362,zscore,K10,gcd_charcoal_composite,reconstructed,f_proxy
WLD,Verden,world,-2810,charcoal_index,0.3362,zscore,K10,gcd_charcoal_composite,reconstructed,f_proxy
WLD,Verden,world,-2790,charcoal_index,0.3362,zscore,K10,gcd_charcoal_composite,reconstructed,f_proxy
WLD,Verden,world,-2770,charcoal_index,0.3362,zscore,K10,gcd_charcoal_composite,reconstructed,f_proxy
WLD,Verden,world,-2750,charcoal_index,0.3362,zscore,K10,gcd_charcoal_composite,reconstructed,f_proxy
WLD,Verden,world,-2730,charcoal_index,0.3362,zscore,K10,gcd_charcoal_composite,reconstructed,f_proxy
WLD,Verden,world,-2710,charcoal_index,0.3362,zscore,K10,gcd_charcoal_composite,reconstructed,f_proxy
WLD,Verden,world,-2690,charcoal_index,0.3362,zscore,K10,gcd_charcoal_composite,reconstructed,f_proxy
WLD,Verden,world,-2670,charcoal_index,0.3362,zscore,K10,gcd_charcoal_composite,reconstructed,f_proxy
WLD,Verden,world,-2650,charcoal_index,0.3362,zscore,K10,gcd_charcoal_composite,reconstructed,f_proxy
WLD,Verden,world,-2630,charcoal_index,0.3362,zscore,K10,gcd_charcoal_composite,reconstructed,f_proxy
WLD,Verden,world,-2610,charcoal_index,0.3362,zscore,K10,gcd_charcoal_composite,reconstructed,f_proxy
WLD,Verden,world,-2590,charcoal_index,0.3362,zscore,K10,gcd_charcoal_composite,reconstructed,f_proxy
WLD,Verden,world,-2570,charcoal_index,0.3362,zscore,K10,gcd_charcoal_composite,reconstructed,f_proxy
WLD,Verden,world,-2550,charcoal_index,0.3362,zscore,K10,gcd_charcoal_composite,reconstructed,f_proxy
WLD,Verden,world,-2530,charcoal_index,0.3362,zscore,K10,gcd_charcoal_composite,reconstructed,f_proxy
WLD,Verden,world,-2510,charcoal_index,0.3362,zscore,K10,gcd_charcoal_composite,reconstructed,f_proxy
WLD,Verden,world,-2490,charcoal_index,0.3362,zscore,K10,gcd_charcoal_composite,reconstructed,f_proxy
WLD,Verden,world,-2470,charcoal_index,0.3362,zscore,K10,gcd_charcoal_composite,reconstructed,f_proxy
WLD,Verden,world,-2450,charcoal_index,0.3362,zscore,K10,gcd_charcoal_composite,reconstructed,f_proxy
WLD,Verden,world,-2430,charcoal_index,0.3362,zscore,K10,gcd_charcoal_composite,reconstructed,f_proxy
WLD,Verden,world,-2410,charcoal_index,0.3362,zscore,K10,gcd_charcoal_composite,reconstructed,f_proxy
WLD,Verden,world,-2390,charcoal_index,0.3362,zscore,K10,gcd_charcoal_composite,reconstructed,f_proxy
WLD,Verden,world,-2370,charcoal_index,0.3362,zscore,K10,gcd_charcoal_composite,reconstructed,f_proxy
WLD,Verden,world,-2350,charcoal_index,0.3362,zscore,K10,gcd_charcoal_composite,reconstructed,f_proxy
WLD,Verden,world,-2330,charcoal_index,0.3362,zscore,K10,gcd_charcoal_composite,reconstructed,f_proxy
WLD,Verden,world,-2310,charcoal_index,0.3362,zscore,K10,gcd_charcoal_composite,reconstructed,f_proxy
WLD,Verden,world,-2290,charcoal_index,0.3362,zscore,K10,gcd_charcoal_composite,reconstructed,f_proxy
WLD,Verden,world,-2270,charcoal_index,0.3362,zscore,K10,gcd_charcoal_composite,reconstructed,f_proxy
WLD,Verden,world,-2250,charcoal_index,0.3362,zscore,K10,gcd_charcoal_composite,reconstructed,f_proxy
WLD,Verden,world,-2230,charcoal_index,0.3362,zscore,K10,gcd_charcoal_composite,reconstructed,f_proxy
WLD,Verden,world,-2210,charcoal_index,0.3362,zscore,K10,gcd_charcoal_composite,reconstructed,f_proxy
WLD,Verden,world,-2190,charcoal_index,0.3362,zscore,K10,gcd_charcoal_composite,reconstructed,f_proxy
WLD,Verden,world,-2170,charcoal_index,0.3362,zscore,K10,gcd_charcoal_composite,reconstructed,f_proxy
WLD,Verden,world,-2150,charcoal_index,0.3362,zscore,K10,gcd_charcoal_composite,reconstructed,f_proxy
WLD,Verden,world,-2130,charcoal_index,0.3362,zscore,K10,gcd_charcoal_composite,reconstructed,f_proxy
WLD,Verden,world,-2110,charcoal_index,0.3362,zscore,K10,gcd_charcoal_composite,reconstructed,f_proxy
WLD,Verden,world,-2090,charcoal_index,0.3362,zscore,K10,gcd_charcoal_composite,reconstructed,f_proxy
WLD,Verden,world,-2070,charcoal_index,0.3362,zscore,K10,gcd_charcoal_composite,reconstructed,f_proxy
WLD,Verden,world,-2050,charcoal_index,0.3362,zscore,K10,gcd_charcoal_composite,reconstructed,f_proxy
WLD,Verden,world,-2030,charcoal_index,0.3362,zscore,K10,gcd_charcoal_composite,reconstructed,f_proxy
WLD,Verden,world,-2010,charcoal_index,0.3362,zscore,K10,gcd_charcoal_composite,reconstructed,f_proxy
WLD,Verden,world,-1990,charcoal_index,0.3362,zscore,K10,gcd_charcoal_composite,reconstructed,f_proxy
WLD,Verden,world,-1970,charcoal_index,0.3362,zscore,K10,gcd_charcoal_composite,reconstructed,f_proxy
WLD,Verden,world,-1950,charcoal_index,0.3362,zscore,K10,gcd_charcoal_composite,reconstructed,f_proxy
WLD,Verden,world,-1930,charcoal_index,0.3362,zscore,K10,gcd_charcoal_composite,reconstructed,f_proxy
WLD,Verden,world,-1910,charcoal_index,0.3362,zscore,K10,gcd_charcoal_composite,reconstructed,f_proxy
WLD,Verden,world,-1890,charcoal_index,0.3362,zscore,K10,gcd_charcoal_composite,reconstructed,f_proxy
WLD,Verden,world,-1870,charcoal_index,0.3362,zscore,K10,gcd_charcoal_composite,reconstructed,f_proxy
WLD,Verden,world,-1850,charcoal_index,0.3362,zscore,K10,gcd_charcoal_composite,reconstructed,f_proxy
WLD,Verden,world,-1830,charcoal_index,0.3362,zscore,K10,gcd_charcoal_composite,reconstructed,f_proxy
WLD,Verden,world,-1810,charcoal_index,0.3362,zscore,K10,gcd_charcoal_composite,reconstructed,f_proxy
WLD,Verden,world,-1790,charcoal_index,0.3362,zscore,K10,gcd_charcoal_composite,reconstructed,f_proxy
WLD,Verden,world,-1770,charcoal_index,0.3362,zscore,K10,gcd_charcoal_composite,reconstructed,f_proxy
WLD,Verden,world,-1750,charcoal_index,0.3362,zscore,K10,gcd_charcoal_composite,reconstructed,f_proxy
WLD,Verden,world,-1730,charcoal_index,0.3362,zscore,K10,gcd_charcoal_composite,reconstructed,f_proxy
WLD,Verden,world,-1710,charcoal_index,0.3362,zscore,K10,gcd_charcoal_composite,reconstructed,f_proxy
WLD,Verden,world,-1690,charcoal_index,0.3362,zscore,K10,gcd_charcoal_composite,reconstructed,f_proxy
WLD,Verden,world,-1670,charcoal_index,0.3362,zscore,K10,gcd_charcoal_composite,reconstructed,f_proxy
WLD,Verden,world,-1650,charcoal_index,0.3362,zscore,K10,gcd_charcoal_composite,reconstructed,f_proxy
WLD,Verden,world,-1630,charcoal_index,0.3362,zscore,K10,gcd_charcoal_composite,reconstructed,f_proxy
WLD,Verden,world,-1610,charcoal_index,0.3362,zscore,K10,gcd_charcoal_composite,reconstructed,f_proxy
WLD,Verden,world,-1590,charcoal_index,0.3362,zscore,K10,gcd_charcoal_composite,reconstructed,f_proxy
WLD,Verden,world,-1570,charcoal_index,0.3362,zscore,K10,gcd_charcoal_composite,reconstructed,f_proxy
WLD,Verden,world,-1550,charcoal_index,0.3362,zscore,K10,gcd_charcoal_composite,reconstructed,f_proxy
WLD,Verden,world,-1530,charcoal_index,0.3362,zscore,K10,gcd_charcoal_composite,reconstructed,f_proxy
WLD,Verden,world,-1510,charcoal_index,0.3362,zscore,K10,gcd_charcoal_composite,reconstructed,f_proxy
WLD,Verden,world,-1490,charcoal_index,0.3362,zscore,K10,gcd_charcoal_composite,reconstructed,f_proxy
WLD,Verden,world,-1470,charcoal_index,0.3362,zscore,K10,gcd_charcoal_composite,reconstructed,f_proxy
WLD,Verden,world,-1450,charcoal_index,0.3362,zscore,K10,gcd_charcoal_composite,reconstructed,f_proxy
WLD,Verden,world,-1430,charcoal_index,0.3362,zscore,K10,gcd_charcoal_composite,reconstructed,f_proxy
WLD,Verden,world,-1410,charcoal_index,0.3362,zscore,K10,gcd_charcoal_composite,reconstructed,f_proxy
WLD,Verden,world,-1390,charcoal_index,0.3362,zscore,K10,gcd_charcoal_composite,reconstructed,f_proxy
WLD,Verden,world,-1370,charcoal_index,0.3362,zscore,K10,gcd_charcoal_composite,reconstructed,f_proxy
WLD,Verden,world,-1350,charcoal_index,0.3362,zscore,K10,gcd_charcoal_composite,reconstructed,f_proxy
WLD,Verden,world,-1330,charcoal_index,0.3362,zscore,K10,gcd_charcoal_composite,reconstructed,f_proxy
WLD,Verden,world,-1310,charcoal_index,0.3362,zscore,K10,gcd_charcoal_composite,reconstructed,f_proxy
WLD,Verden,world,-1290,charcoal_index,0.3362,zscore,K10,gcd_charcoal_composite,reconstructed,f_proxy
WLD,Verden,world,-1270,charcoal_index,0.3362,zscore,K10,gcd_charcoal_composite,reconstructed,f_proxy
WLD,Verden,world,-1250,charcoal_index,0.3362,zscore,K10,gcd_charcoal_composite,reconstructed,f_proxy
WLD,Verden,world,-1230,charcoal_index,0.3362,zscore,K10,gcd_charcoal_composite,reconstructed,f_proxy
WLD,Verden,world,-1210,charcoal_index,0.3362,zscore,K10,gcd_charcoal_composite,reconstructed,f_proxy
WLD,Verden,world,-1190,charcoal_index,0.3362,zscore,K10,gcd_charcoal_composite,reconstructed,f_proxy
WLD,Verden,world,-1170,charcoal_index,0.3362,zscore,K10,gcd_charcoal_composite,reconstructed,f_proxy
WLD,Verden,world,-1150,charcoal_index,0.3362,zscore,K10,gcd_charcoal_composite,reconstructed,f_proxy
WLD,Verden,world,-1130,charcoal_index,0.3362,zscore,K10,gcd_charcoal_composite,reconstructed,f_proxy
WLD,Verden,world,-1110,charcoal_index,0.3362,zscore,K10,gcd_charcoal_composite,reconstructed,f_proxy
WLD,Verden,world,-1090,charcoal_index,0.3362,zscore,K10,gcd_charcoal_composite,reconstructed,f_proxy
WLD,Verden,world,-1070,charcoal_index,0.3362,zscore,K10,gcd_charcoal_composite,reconstructed,f_proxy
WLD,Verden,world,-1050,charcoal_index,0.3362,zscore,K10,gcd_charcoal_composite,reconstructed,f_proxy
WLD,Verden,world,-1030,charcoal_index,0.3362,zscore,K10,gcd_charcoal_composite,reconstructed,f_proxy
WLD,Verden,world,-1010,charcoal_index,0.3362,zscore,K10,gcd_charcoal_composite,reconstructed,f_proxy
WLD,Verden,world,-990,charcoal_index,0.3362,zscore,K10,gcd_charcoal_composite,reconstructed,f_proxy
WLD,Verden,world,-970,charcoal_index,0.3362,zscore,K10,gcd_charcoal_composite,reconstructed,f_proxy
WLD,Verden,world,-950,charcoal_index,0.3362,zscore,K10,gcd_charcoal_composite,reconstructed,f_proxy
WLD,Verden,world,-930,charcoal_index,0.3362,zscore,K10,gcd_charcoal_composite,reconstructed,f_proxy
WLD,Verden,world,-910,charcoal_index,0.3362,zscore,K10,gcd_charcoal_composite,reconstructed,f_proxy
WLD,Verden,world,-890,charcoal_index,0.3362,zscore,K10,gcd_charcoal_composite,reconstructed,f_proxy
WLD,Verden,world,-870,charcoal_index,0.3362,zscore,K10,gcd_charcoal_composite,reconstructed,f_proxy
WLD,Verden,world,-850,charcoal_index,0.3362,zscore,K10,gcd_charcoal_composite,reconstructed,f_proxy
WLD,Verden,world,-830,charcoal_index,0.3362,zscore,K10,gcd_charcoal_composite,reconstructed,f_proxy
WLD,Verden,world,-810,charcoal_index,0.3362,zscore,K10,gcd_charcoal_composite,reconstructed,f_proxy
WLD,Verden,world,-790,charcoal_index,0.3362,zscore,K10,gcd_charcoal_composite,reconstructed,f_proxy
WLD,Verden,world,-770,charcoal_index,0.3362,zscore,K10,gcd_charcoal_composite,reconstructed,f_proxy
WLD,Verden,world,-750,charcoal_index,0.3362,zscore,K10,gcd_charcoal_composite,reconstructed,f_proxy
WLD,Verden,world,-730,charcoal_index,0.3362,zscore,K10,gcd_charcoal_composite,reconstructed,f_proxy
WLD,Verden,world,-710,charcoal_index,0.3362,zscore,K10,gcd_charcoal_composite,reconstructed,f_proxy
WLD,Verden,world,-690,charcoal_index,0.3362,zscore,K10,gcd_charcoal_composite,reconstructed,f_proxy
WLD,Verden,world,-670,charcoal_index,0.3362,zscore,K10,gcd_charcoal_composite,reconstructed,f_proxy
WLD,Verden,world,-650,charcoal_index,0.3362,zscore,K10,gcd_charcoal_composite,reconstructed,f_proxy
WLD,Verden,world,-630,charcoal_index,0.3362,zscore,K10,gcd_charcoal_composite,reconstructed,f_proxy
WLD,Verden,world,-610,charcoal_index,0.3362,zscore,K10,gcd_charcoal_composite,reconstructed,f_proxy
WLD,Verden,world,-590,charcoal_index,0.3362,zscore,K10,gcd_charcoal_composite,reconstructed,f_proxy
WLD,Verden,world,-570,charcoal_index,0.3362,zscore,K10,gcd_charcoal_composite,reconstructed,f_proxy
WLD,Verden,world,-550,charcoal_index,0.3362,zscore,K10,gcd_charcoal_composite,reconstructed,f_proxy
WLD,Verden,world,-530,charcoal_index,0.3362,zscore,K10,gcd_charcoal_composite,reconstructed,f_proxy
WLD,Verden,world,-510,charcoal_index,0.3362,zscore,K10,gcd_charcoal_composite,reconstructed,f_proxy
WLD,Verden,world,-490,charcoal_index,0.3362,zscore,K10,gcd_charcoal_composite,reconstructed,f_proxy
WLD,Verden,world,-470,charcoal_index,0.3362,zscore,K10,gcd_charcoal_composite,reconstructed,f_proxy
WLD,Verden,world,-450,charcoal_index,0.3362,zscore,K10,gcd_charcoal_composite,reconstructed,f_proxy
WLD,Verden,world,-430,charcoal_index,0.3362,zscore,K10,gcd_charcoal_composite,reconstructed,f_proxy
WLD,Verden,world,-410,charcoal_index,0.3362,zscore,K10,gcd_charcoal_composite,reconstructed,f_proxy
WLD,Verden,world,-390,charcoal_index,0.3362,zscore,K10,gcd_charcoal_composite,reconstructed,f_proxy
WLD,Verden,world,-370,charcoal_index,0.3362,zscore,K10,gcd_charcoal_composite,reconstructed,f_proxy
WLD,Verden,world,-350,charcoal_index,0.3362,zscore,K10,gcd_charcoal_composite,reconstructed,f_proxy
WLD,Verden,world,-330,charcoal_index,0.3362,zscore,K10,gcd_charcoal_composite,reconstructed,f_proxy
WLD,Verden,world,-310,charcoal_index,0.3362,zscore,K10,gcd_charcoal_composite,reconstructed,f_proxy
WLD,Verden,world,-290,charcoal_index,0.3362,zscore,K10,gcd_charcoal_composite,reconstructed,f_proxy
WLD,Verden,world,-270,charcoal_index,0.3362,zscore,K10,gcd_charcoal_composite,reconstructed,f_proxy
WLD,Verden,world,-250,charcoal_index,0.3362,zscore,K10,gcd_charcoal_composite,reconstructed,f_proxy
WLD,Verden,world,-230,charcoal_index,0.3362,zscore,K10,gcd_charcoal_composite,reconstructed,f_proxy
WLD,Verden,world,-210,charcoal_index,0.3362,zscore,K10,gcd_charcoal_composite,reconstructed,f_proxy
WLD,Verden,world,-190,charcoal_index,0.3362,zscore,K10,gcd_charcoal_composite,reconstructed,f_proxy
WLD,Verden,world,-170,charcoal_index,0.3362,zscore,K10,gcd_charcoal_composite,reconstructed,f_proxy
WLD,Verden,world,-150,charcoal_index,0.3362,zscore,K10,gcd_charcoal_composite,reconstructed,f_proxy
WLD,Verden,world,-130,charcoal_index,0.3362,zscore,K10,gcd_charcoal_composite,reconstructed,f_proxy
WLD,Verden,world,-110,charcoal_index,0.3362,zscore,K10,gcd_charcoal_composite,reconstructed,f_proxy
WLD,Verden,world,-90,charcoal_index,0.3362,zscore,K10,gcd_charcoal_composite,reconstructed,f_proxy
WLD,Verden,world,-70,charcoal_index,0.3362,zscore,K10,gcd_charcoal_composite,reconstructed,f_proxy
WLD,Verden,world,-50,charcoal_index,0.3362,zscore,K10,gcd_charcoal_composite,reconstructed,f_proxy
WLD,Verden,world,-30,charcoal_index,0.3362,zscore,K10,gcd_charcoal_composite,reconstructed,f_proxy
WLD,Verden,world,-10,charcoal_index,0.3362,zscore,K10,gcd_charcoal_composite,reconstructed,f_proxy
WLD,Verden,world,10,charcoal_index,0.3362,zscore,K10,gcd_charcoal_composite,reconstructed,f_proxy
WLD,Verden,world,30,charcoal_index,0.3362,zscore,K10,gcd_charcoal_composite,reconstructed,f_proxy
WLD,Verden,world,50,charcoal_index,0.3362,zscore,K10,gcd_charcoal_composite,reconstructed,f_proxy
WLD,Verden,world,70,charcoal_index,0.3362,zscore,K10,gcd_charcoal_composite,reconstructed,f_proxy
WLD,Verden,world,90,charcoal_index,0.3362,zscore,K10,gcd_charcoal_composite,reconstructed,f_proxy
WLD,Verden,world,110,charcoal_index,0.3362,zscore,K10,gcd_charcoal_composite,reconstructed,f_proxy
WLD,Verden,world,130,charcoal_index,0.3362,zscore,K10,gcd_charcoal_composite,reconstructed,f_proxy
WLD,Verden,world,150,charcoal_index,0.3362,zscore,K10,gcd_charcoal_composite,reconstructed,f_proxy
WLD,Verden,world,170,charcoal_index,0.3362,zscore,K10,gcd_charcoal_composite,reconstructed,f_proxy
WLD,Verden,world,190,charcoal_index,0.3362,zscore,K10,gcd_charcoal_composite,reconstructed,f_proxy
WLD,Verden,world,210,charcoal_index,0.3362,zscore,K10,gcd_charcoal_composite,reconstructed,f_proxy
WLD,Verden,world,230,charcoal_index,0.3362,zscore,K10,gcd_charcoal_composite,reconstructed,f_proxy
WLD,Verden,world,250,charcoal_index,0.3362,zscore,K10,gcd_charcoal_composite,reconstructed,f_proxy
WLD,Verden,world,270,charcoal_index,0.3362,zscore,K10,gcd_charcoal_composite,reconstructed,f_proxy
WLD,Verden,world,290,charcoal_index,0.3362,zscore,K10,gcd_charcoal_composite,reconstructed,f_proxy
WLD,Verden,world,310,charcoal_index,0.3362,zscore,K10,gcd_charcoal_composite,reconstructed,f_proxy
WLD,Verden,world,330,charcoal_index,0.3362,zscore,K10,gcd_charcoal_composite,reconstructed,f_proxy
WLD,Verden,world,350,charcoal_index,0.3362,zscore,K10,gcd_charcoal_composite,reconstructed,f_proxy
WLD,Verden,world,370,charcoal_index,0.3362,zscore,K10,gcd_charcoal_composite,reconstructed,f_proxy
WLD,Verden,world,390,charcoal_index,0.3362,zscore,K10,gcd_charcoal_composite,reconstructed,f_proxy
WLD,Verden,world,410,charcoal_index,0.3362,zscore,K10,gcd_charcoal_composite,reconstructed,f_proxy
WLD,Verden,world,430,charcoal_index,0.3362,zscore,K10,gcd_charcoal_composite,reconstructed,f_proxy
WLD,Verden,world,450,charcoal_index,0.3362,zscore,K10,gcd_charcoal_composite,reconstructed,f_proxy
WLD,Verden,world,470,charcoal_index,0.3362,zscore,K10,gcd_charcoal_composite,reconstructed,f_proxy
WLD,Verden,world,490,charcoal_index,0.3362,zscore,K10,gcd_charcoal_composite,reconstructed,f_proxy
WLD,Verden,world,510,charcoal_index,0.3362,zscore,K10,gcd_charcoal_composite,reconstructed,f_proxy
WLD,Verden,world,530,charcoal_index,0.3362,zscore,K10,gcd_charcoal_composite,reconstructed,f_proxy
WLD,Verden,world,550,charcoal_index,0.3362,zscore,K10,gcd_charcoal_composite,reconstructed,f_proxy
WLD,Verden,world,570,charcoal_index,0.3362,zscore,K10,gcd_charcoal_composite,reconstructed,f_proxy
WLD,Verden,world,590,charcoal_index,0.3362,zscore,K10,gcd_charcoal_composite,reconstructed,f_proxy
WLD,Verden,world,610,charcoal_index,0.3362,zscore,K10,gcd_charcoal_composite,reconstructed,f_proxy
WLD,Verden,world,630,charcoal_index,0.3362,zscore,K10,gcd_charcoal_composite,reconstructed,f_proxy
WLD,Verden,world,650,charcoal_index,0.3362,zscore,K10,gcd_charcoal_composite,reconstructed,f_proxy
WLD,Verden,world,670,charcoal_index,0.3362,zscore,K10,gcd_charcoal_composite,reconstructed,f_proxy
WLD,Verden,world,690,charcoal_index,0.3362,zscore,K10,gcd_charcoal_composite,reconstructed,f_proxy
WLD,Verden,world,710,charcoal_index,0.3362,zscore,K10,gcd_charcoal_composite,reconstructed,f_proxy
WLD,Verden,world,730,charcoal_index,0.3362,zscore,K10,gcd_charcoal_composite,reconstructed,f_proxy
WLD,Verden,world,750,charcoal_index,0.3362,zscore,K10,gcd_charcoal_composite,reconstructed,f_proxy
WLD,Verden,world,770,charcoal_index,0.3362,zscore,K10,gcd_charcoal_composite,reconstructed,f_proxy
WLD,Verden,world,790,charcoal_index,0.3362,zscore,K10,gcd_charcoal_composite,reconstructed,f_proxy
WLD,Verden,world,810,charcoal_index,0.3362,zscore,K10,gcd_charcoal_composite,reconstructed,f_proxy
WLD,Verden,world,830,charcoal_index,0.3362,zscore,K10,gcd_charcoal_composite,reconstructed,f_proxy
WLD,Verden,world,850,charcoal_index,0.3362,zscore,K10,gcd_charcoal_composite,reconstructed,f_proxy
WLD,Verden,world,870,charcoal_index,0.3362,zscore,K10,gcd_charcoal_composite,reconstructed,f_proxy
WLD,Verden,world,890,charcoal_index,0.3362,zscore,K10,gcd_charcoal_composite,reconstructed,f_proxy
WLD,Verden,world,910,charcoal_index,0.3362,zscore,K10,gcd_charcoal_composite,reconstructed,f_proxy
WLD,Verden,world,930,charcoal_index,0.3362,zscore,K10,gcd_charcoal_composite,reconstructed,f_proxy
WLD,Verden,world,950,charcoal_index,0.3362,zscore,K10,gcd_charcoal_composite,reconstructed,f_proxy
WLD,Verden,world,970,charcoal_index,0.3362,zscore,K10,gcd_charcoal_composite,reconstructed,f_proxy
WLD,Verden,world,990,charcoal_index,0.3362,zscore,K10,gcd_charcoal_composite,reconstructed,f_proxy
WLD,Verden,world,1010,charcoal_index,0.3362,zscore,K10,gcd_charcoal_composite,reconstructed,f_proxy
WLD,Verden,world,1030,charcoal_index,0.3362,zscore,K10,gcd_charcoal_composite,reconstructed,f_proxy
WLD,Verden,world,1050,charcoal_index,0.3362,zscore,K10,gcd_charcoal_composite,reconstructed,f_proxy
WLD,Verden,world,1070,charcoal_index,0.3362,zscore,K10,gcd_charcoal_composite,reconstructed,f_proxy
WLD,Verden,world,1090,charcoal_index,0.3362,zscore,K10,gcd_charcoal_composite,reconstructed,f_proxy
WLD,Verden,world,1110,charcoal_index,0.3362,zscore,K10,gcd_charcoal_composite,reconstructed,f_proxy
WLD,Verden,world,1130,charcoal_index,0.3362,zscore,K10,gcd_charcoal_composite,reconstructed,f_proxy
WLD,Verden,world,1150,charcoal_index,0.3362,zscore,K10,gcd_charcoal_composite,reconstructed,f_proxy
WLD,Verden,world,1170,charcoal_index,0.3362,zscore,K10,gcd_charcoal_composite,reconstructed,f_proxy
WLD,Verden,world,1190,charcoal_index,0.3362,zscore,K10,gcd_charcoal_composite,reconstructed,f_proxy
WLD,Verden,world,1210,charcoal_index,0.3362,zscore,K10,gcd_charcoal_composite,reconstructed,f_proxy
WLD,Verden,world,1230,charcoal_index,0.3362,zscore,K10,gcd_charcoal_composite,reconstructed,f_proxy
WLD,Verden,world,1250,charcoal_index,0.3362,zscore,K10,gcd_charcoal_composite,reconstructed,f_proxy
WLD,Verden,world,1270,charcoal_index,0.3362,zscore,K10,gcd_charcoal_composite,reconstructed,f_proxy
WLD,Verden,world,1290,charcoal_index,0.3362,zscore,K10,gcd_charcoal_composite,reconstructed,f_proxy
WLD,Verden,world,1310,charcoal_index,0.3362,zscore,K10,gcd_charcoal_composite,reconstructed,f_proxy
WLD,Verden,world,1330,charcoal_index,0.3362,zscore,K10,gcd_charcoal_composite,reconstructed,f_proxy
WLD,Verden,world,1350,charcoal_index,0.3362,zscore,K10,gcd_charcoal_composite,reconstructed,f_proxy
WLD,Verden,world,1370,charcoal_index,0.3362,zscore,K10,gcd_charcoal_composite,reconstructed,f_proxy
WLD,Verden,world,1390,charcoal_index,0.3362,zscore,K10,gcd_charcoal_composite,reconstructed,f_proxy
WLD,Verden,world,1410,charcoal_index,0.3362,zscore,K10,gcd_charcoal_composite,reconstructed,f_proxy
WLD,Verden,world,1430,charcoal_index,0.3362,zscore,K10,gcd_charcoal_composite,reconstructed,f_proxy
WLD,Verden,world,1450,charcoal_index,0.3362,zscore,K10,gcd_charcoal_composite,reconstructed,f_proxy
WLD,Verden,world,1470,charcoal_index,0.3362,zscore,K10,gcd_charcoal_composite,reconstructed,f_proxy
WLD,Verden,world,1490,charcoal_index,0.3362,zscore,K10,gcd_charcoal_composite,reconstructed,f_proxy
WLD,Verden,world,1510,charcoal_index,0.3362,zscore,K10,gcd_charcoal_composite,reconstructed,f_proxy
WLD,Verden,world,1530,charcoal_index,0.3362,zscore,K10,gcd_charcoal_composite,reconstructed,f_proxy
WLD,Verden,world,1550,charcoal_index,0.3362,zscore,K10,gcd_charcoal_composite,reconstructed,f_proxy
WLD,Verden,world,1570,charcoal_index,0.3362,zscore,K10,gcd_charcoal_composite,reconstructed,f_proxy
WLD,Verden,world,1590,charcoal_index,0.3362,zscore,K10,gcd_charcoal_composite,reconstructed,f_proxy
WLD,Verden,world,1610,charcoal_index,0.3362,zscore,K10,gcd_charcoal_composite,reconstructed,f_proxy
WLD,Verden,world,1630,charcoal_index,0.3362,zscore,K10,gcd_charcoal_composite,reconstructed,f_proxy
WLD,Verden,world,1650,charcoal_index,0.3362,zscore,K10,gcd_charcoal_composite,reconstructed,f_proxy
WLD,Verden,world,1670,charcoal_index,0.3362,zscore,K10,gcd_charcoal_composite,reconstructed,f_proxy
WLD,Verden,world,1690,charcoal_index,0.3362,zscore,K10,gcd_charcoal_composite,reconstructed,f_proxy
WLD,Verden,world,1710,charcoal_index,0.3362,zscore,K10,gcd_charcoal_composite,reconstructed,f_proxy
WLD,Verden,world,1730,charcoal_index,0.3362,zscore,K10,gcd_charcoal_composite,reconstructed,f_proxy
WLD,Verden,world,1750,charcoal_index,0.3362,zscore,K10,gcd_charcoal_composite,reconstructed,f_proxy
WLD,Verden,world,1770,charcoal_index,0.3362,zscore,K10,gcd_charcoal_composite,reconstructed,f_proxy
WLD,Verden,world,1790,charcoal_index,0.3362,zscore,K10,gcd_charcoal_composite,reconstructed,f_proxy
WLD,Verden,world,1810,charcoal_index,0.3362,zscore,K10,gcd_charcoal_composite,reconstructed,f_proxy
WLD,Verden,world,1830,charcoal_index,0.3362,zscore,K10,gcd_charcoal_composite,reconstructed,f_proxy
WLD,Verden,world,1850,charcoal_index,0.3362,zscore,K10,gcd_charcoal_composite,reconstructed,f_proxy
WLD,Verden,world,1870,charcoal_index,0.3362,zscore,K10,gcd_charcoal_composite,reconstructed,f_proxy
WLD,Verden,world,1890,charcoal_index,0.3362,zscore,K10,gcd_charcoal_composite,reconstructed,f_proxy
WLD,Verden,world,1910,charcoal_index,0.3362,zscore,K10,gcd_charcoal_composite,reconstructed,f_proxy
WLD,Verden,world,1930,charcoal_index,0.3362,zscore,K10,gcd_charcoal_composite,reconstructed,f_proxy
WLD,Verden,world,1950,charcoal_index,0.3362,zscore,K10,gcd_charcoal_composite,reconstructed,f_proxy
WLD,Verden,world,1970,charcoal_index,0.3362,zscore,K10,gcd_charcoal_composite,reconstructed,f_proxy
WLD,Verden,world,1990,charcoal_index,0.3362,zscore,K10,gcd_charcoal_composite,reconstructed,f_proxy
WLD,Verden,world,2010,charcoal_index,0.3362,zscore,K10,gcd_charcoal_composite,reconstructed,f_proxy
